wmc,dit,noc,cbo,rfc,lcom,ca,ce,npm,lcom3,loc,dam,moa,mfa,cam,ic,cbm,amc,max_cc,avg_cc,bug
4.0,1.0,1.0,10.0,26.0,4.0,3.0,7.0,2.0,0.833333,193.0,1.0,0.0,0.0,0.416667,0.0,0.0,46.75,6.0,2.0,1.0
14.0,3.0,0.0,6.0,34.0,19.0,2.0,4.0,13.0,1.076923,379.0,1.0,0.0,0.555556,0.385714,1.0,4.0,26.0,3.0,1.4286,1.0
32.0,2.0,0.0,7.0,64.0,312.0,1.0,6.0,32.0,0.909274,614.0,0.8125,0.0,0.38,0.265625,1.0,5.0,17.6875,1.0,0.9688,-1.0
3.0,3.0,0.0,6.0,4.0,1.0,5.0,1.0,3.0,2.0,24.0,0.0,0.0,0.875,0.555556,0.0,0.0,7.0,2.0,1.3333,-1.0
31.0,2.0,0.0,5.0,55.0,281.0,0.0,5.0,31.0,0.940909,567.0,0.545455,0.0,0.387755,0.230415,1.0,5.0,16.580645,3.0,1.0645,-1.0
15.0,2.0,0.0,6.0,31.0,43.0,1.0,5.0,15.0,0.833333,229.0,0.666667,0.0,0.575758,0.333333,1.0,5.0,13.866667,1.0,0.9333,-1.0
27.0,2.0,0.0,8.0,47.0,195.0,3.0,5.0,27.0,0.875,484.0,0.833333,0.0,0.422222,0.265432,1.0,5.0,16.481481,2.0,1.037,1.0
9.0,2.0,0.0,10.0,27.0,6.0,5.0,5.0,9.0,0.875,180.0,0.333333,0.0,0.703704,0.355556,1.0,5.0,18.666667,2.0,1.1111,-1.0
17.0,2.0,0.0,10.0,48.0,38.0,3.0,8.0,17.0,0.822917,419.0,0.666667,1.0,0.542857,0.27451,1.0,5.0,23.294118,3.0,1.1765,-1.0
13.0,2.0,0.0,7.0,29.0,34.0,2.0,5.0,13.0,0.854167,179.0,0.5,0.0,0.612903,0.323077,1.0,5.0,12.461538,1.0,0.9231,-1.0
9.0,1.0,0.0,8.0,45.0,36.0,1.0,8.0,5.0,2.0,3581.0,0.0,0.0,0.0,0.296296,0.0,0.0,396.888889,3.0,1.3333,-1.0
12.0,2.0,0.0,15.0,49.0,0.0,8.0,8.0,11.0,0.757576,269.0,0.333333,0.0,0.633333,0.277778,1.0,5.0,21.166667,3.0,1.25,-1.0
7.0,1.0,0.0,6.0,16.0,9.0,5.0,1.0,3.0,1.164242,1460.0,0.003636,0.0,0.0,0.190476,0.0,0.0,168.285714,2.0,1.2857,-1.0
10.0,1.0,2.0,12.0,12.0,3.0,11.0,1.0,10.0,0.333333,69.0,1.0,0.0,0.0,0.34,0.0,0.0,5.8,2.0,1.0,-1.0
20.0,1.0,14.0,32.0,36.0,164.0,31.0,4.0,18.0,0.842105,141.0,1.0,0.0,0.0,0.2375,0.0,0.0,5.95,2.0,1.05,-1.0
1.0,1.0,0.0,19.0,1.0,0.0,19.0,1.0,1.0,2.0,1.0,0.0,0.0,0.0,1.0,0.0,0.0,0.0,1.0,1.0,-1.0
2.0,1.0,0.0,19.0,2.0,1.0,19.0,1.0,2.0,2.0,2.0,0.0,0.0,0.0,1.0,0.0,0.0,0.0,1.0,1.0,-1.0
8.0,2.0,3.0,11.0,23.0,0.0,7.0,4.0,8.0,0.142857,115.0,1.0,0.0,0.571429,0.375,1.0,1.0,13.25,5.0,1.25,-1.0
15.0,2.0,0.0,7.0,32.0,43.0,1.0,6.0,15.0,0.833333,253.0,0.666667,0.0,0.575758,0.333333,1.0,5.0,15.466667,2.0,1.0,-1.0
15.0,2.0,0.0,7.0,33.0,43.0,1.0,6.0,15.0,0.833333,258.0,0.666667,0.0,0.575758,0.333333,1.0,5.0,15.8,2.0,1.0,-1.0
12.0,2.0,0.0,12.0,33.0,32.0,7.0,5.0,11.0,1.034091,320.0,0.125,0.0,0.633333,0.35,1.0,5.0,24.333333,13.0,1.9167,1.0
9.0,2.0,0.0,7.0,41.0,4.0,1.0,6.0,8.0,0.875,302.0,0.5,0.0,0.730769,0.35,1.0,5.0,32.111111,4.0,1.3333,1.0
3.0,1.0,0.0,3.0,4.0,3.0,2.0,2.0,3.0,2.0,8.0,0.0,0.0,0.0,0.75,0.0,0.0,1.666667,1.0,0.6667,-1.0
12.0,2.0,0.0,6.0,47.0,28.0,1.0,5.0,11.0,0.636364,353.0,1.0,0.0,0.655172,0.246753,1.0,6.0,28.166667,3.0,1.3333,-1.0
3.0,1.0,0.0,1.0,30.0,3.0,0.0,1.0,2.0,2.0,315.0,0.0,0.0,0.0,0.333333,0.0,0.0,104.0,1.0,0.6667,1.0
8.0,1.0,0.0,8.0,19.0,0.0,7.0,1.0,8.0,0.642857,333.0,0.5,0.0,0.0,0.46875,0.0,0.0,40.375,6.0,2.125,1.0
16.0,3.0,0.0,4.0,28.0,120.0,1.0,3.0,16.0,1.066667,104.0,0.0,0.0,0.625,0.53125,0.0,0.0,5.4375,1.0,0.9375,1.0
5.0,3.0,3.0,4.0,7.0,4.0,4.0,0.0,5.0,0.5,29.0,1.0,0.0,0.944444,0.6,0.0,0.0,4.6,1.0,0.2,1.0
5.0,4.0,2.0,5.0,7.0,4.0,5.0,0.0,5.0,0.5,29.0,1.0,0.0,0.944444,0.6,0.0,0.0,4.6,1.0,0.2,1.0
4.0,5.0,0.0,1.0,8.0,6.0,0.0,1.0,4.0,2.0,20.0,0.0,0.0,1.0,0.666667,0.0,0.0,4.0,0.0,0.0,1.0
4.0,4.0,0.0,3.0,8.0,6.0,2.0,1.0,4.0,2.0,20.0,0.0,0.0,1.0,0.666667,0.0,0.0,4.0,0.0,0.0,1.0
4.0,4.0,0.0,3.0,8.0,6.0,2.0,1.0,4.0,2.0,20.0,0.0,0.0,1.0,0.666667,0.0,0.0,4.0,0.0,0.0,-1.0
4.0,5.0,0.0,2.0,8.0,6.0,1.0,1.0,4.0,2.0,20.0,0.0,0.0,1.0,0.666667,0.0,0.0,4.0,0.0,0.0,1.0
6.0,1.0,0.0,5.0,25.0,7.0,2.0,3.0,4.0,0.75,230.0,1.0,0.0,0.0,0.55,0.0,0.0,36.666667,9.0,2.0,1.0
22.0,1.0,1.0,14.0,56.0,197.0,4.0,10.0,16.0,0.813853,378.0,0.545455,1.0,0.0,0.369048,0.0,0.0,15.681818,4.0,1.0455,1.0
2.0,1.0,0.0,6.0,8.0,1.0,0.0,6.0,2.0,2.0,28.0,0.0,0.0,0.0,0.5,0.0,0.0,13.0,1.0,0.5,1.0
8.0,1.0,0.0,2.0,12.0,8.0,0.0,2.0,7.0,0.821429,129.0,0.083333,0.0,0.0,0.642857,0.0,0.0,13.625,1.0,0.625,1.0
2.0,1.0,0.0,3.0,16.0,1.0,1.0,2.0,2.0,2.0,231.0,0.0,0.0,0.0,0.5,0.0,0.0,114.5,17.0,8.5,-1.0
1.0,1.0,0.0,0.0,2.0,0.0,0.0,0.0,1.0,2.0,51.0,0.0,0.0,0.0,1.0,0.0,0.0,3.0,0.0,0.0,1.0
6.0,3.0,0.0,1.0,15.0,15.0,1.0,0.0,6.0,1.178378,287.0,0.054054,2.0,0.915254,0.3,1.0,2.0,40.666667,2.0,1.1667,1.0
8.0,3.0,0.0,3.0,15.0,26.0,2.0,1.0,7.0,0.857143,219.0,0.25,1.0,0.9,0.342857,1.0,1.0,25.875,3.0,1.125,1.0
12.0,1.0,0.0,129.0,165.0,62.0,1.0,129.0,5.0,0.818182,1358.0,0.5,0.0,0.0,0.239583,0.0,0.0,112.0,123.0,11.4167,1.0
4.0,1.0,0.0,6.0,16.0,4.0,1.0,6.0,4.0,0.333333,82.0,0.0,0.0,0.0,0.416667,0.0,0.0,19.25,3.0,1.25,1.0
6.0,1.0,0.0,17.0,45.0,5.0,1.0,17.0,6.0,0.55,247.0,0.0,2.0,0.0,0.375,0.0,0.0,39.5,10.0,2.6667,1.0
2.0,1.0,0.0,3.0,4.0,0.0,1.0,3.0,2.0,0.0,14.0,0.0,1.0,0.0,0.666667,0.0,0.0,5.5,1.0,0.5,-1.0
9.0,1.0,0.0,11.0,43.0,28.0,0.0,11.0,6.0,0.6875,416.0,1.0,0.0,0.0,0.333333,0.0,0.0,45.0,13.0,3.2222,1.0
4.0,1.0,0.0,10.0,49.0,0.0,0.0,10.0,4.0,0.0,492.0,1.0,2.0,0.0,0.5625,0.0,0.0,121.0,8.0,2.0,1.0
1.0,1.0,0.0,4.0,1.0,0.0,3.0,1.0,1.0,2.0,1.0,0.0,0.0,0.0,1.0,0.0,0.0,0.0,1.0,1.0,-1.0
10.0,1.0,0.0,15.0,62.0,15.0,2.0,13.0,6.0,0.644444,785.0,1.0,0.0,0.0,0.17284,0.0,0.0,77.0,8.0,2.0,1.0
5.0,1.0,0.0,8.0,24.0,2.0,0.0,8.0,4.0,0.666667,117.0,0.0,1.0,0.0,0.36,0.0,0.0,21.8,7.0,2.2,-1.0
1.0,1.0,0.0,2.0,1.0,0.0,1.0,1.0,1.0,2.0,1.0,0.0,0.0,0.0,1.0,0.0,0.0,0.0,1.0,1.0,-1.0
3.0,1.0,0.0,4.0,4.0,3.0,1.0,3.0,3.0,2.0,7.0,0.0,0.0,0.0,0.833333,0.0,0.0,1.333333,1.0,0.6667,-1.0
6.0,1.0,0.0,10.0,19.0,15.0,2.0,8.0,5.0,2.0,171.0,0.0,0.0,0.0,0.666667,0.0,0.0,27.5,1.0,0.8333,1.0
1.0,1.0,0.0,7.0,1.0,0.0,6.0,1.0,1.0,2.0,1.0,0.0,0.0,0.0,1.0,0.0,0.0,0.0,1.0,1.0,-1.0
4.0,1.0,0.0,8.0,17.0,0.0,3.0,5.0,3.0,0.0,116.0,1.0,0.0,0.0,0.5,0.0,0.0,27.75,2.0,1.25,-1.0
6.0,1.0,4.0,20.0,28.0,15.0,5.0,19.0,3.0,2.0,191.0,0.0,0.0,0.0,0.333333,0.0,0.0,30.833333,6.0,2.3333,1.0
2.0,1.0,0.0,8.0,36.0,1.0,2.0,6.0,2.0,2.0,137.0,0.0,0.0,0.0,0.5,0.0,0.0,67.5,2.0,1.0,-1.0
7.0,1.0,0.0,7.0,30.0,0.0,4.0,3.0,4.0,0.333333,212.0,0.0,1.0,0.0,0.47619,0.0,0.0,29.0,7.0,2.1429,-1.0
54.0,1.0,0.0,33.0,141.0,651.0,3.0,30.0,7.0,0.766926,1861.0,0.705882,1.0,0.0,0.174004,0.0,0.0,33.148148,14.0,3.1667,1.0
5.0,2.0,0.0,16.0,41.0,6.0,1.0,16.0,2.0,0.75,181.0,1.0,2.0,0.555556,0.55,1.0,1.0,34.8,3.0,1.2,-1.0
5.0,1.0,0.0,2.0,6.0,0.0,1.0,1.0,5.0,0.583333,43.0,1.0,2.0,0.0,0.4,0.0,0.0,7.0,1.0,0.8,-1.0
5.0,2.0,0.0,17.0,48.0,6.0,1.0,17.0,2.0,0.916667,439.0,0.666667,2.0,0.555556,0.55,1.0,1.0,86.2,4.0,1.4,1.0
129.0,1.0,0.0,67.0,376.0,6636.0,5.0,62.0,95.0,0.942356,3629.0,0.72973,19.0,0.0,0.067188,0.0,0.0,26.844961,42.0,2.2171,1.0
6.0,2.0,0.0,12.0,36.0,11.0,1.0,12.0,2.0,0.8,173.0,1.0,2.0,0.5,0.541667,1.0,1.0,27.5,3.0,1.1667,-1.0
8.0,2.0,0.0,20.0,59.0,20.0,2.0,19.0,4.0,0.821429,267.0,1.0,4.0,0.416667,0.666667,1.0,1.0,31.875,1.0,0.875,-1.0
86.0,1.0,0.0,98.0,300.0,2749.0,45.0,54.0,48.0,0.914286,3446.0,1.0,5.0,0.0,0.16732,0.0,0.0,38.906977,35.0,2.2209,1.0
17.0,2.0,4.0,12.0,48.0,44.0,4.0,8.0,13.0,0.75,298.0,1.0,0.0,0.458333,0.3875,1.0,6.0,16.352941,4.0,1.3529,1.0
25.0,2.0,0.0,3.0,67.0,22.0,1.0,2.0,22.0,0.5,961.0,0.0,0.0,0.314286,0.244444,1.0,5.0,37.36,23.0,3.6,1.0
28.0,2.0,0.0,8.0,51.0,0.0,3.0,5.0,26.0,0.731481,237.0,0.75,3.0,0.297297,0.198413,1.0,6.0,7.321429,3.0,1.1786,1.0
14.0,2.0,0.0,8.0,34.0,41.0,1.0,7.0,12.0,0.711538,225.0,0.0,0.0,0.458333,0.285714,1.0,5.0,14.785714,9.0,2.0,1.0
44.0,2.0,0.0,6.0,61.0,312.0,1.0,5.0,42.0,0.860465,933.0,0.944444,8.0,0.211538,0.327273,1.0,6.0,19.795455,2.0,0.9545,1.0
20.0,2.0,0.0,5.0,35.0,114.0,1.0,4.0,18.0,0.855263,359.0,0.625,0.0,0.392857,0.45,1.0,6.0,16.55,2.0,0.9,1.0
20.0,2.0,0.0,5.0,35.0,114.0,1.0,4.0,18.0,0.877193,360.0,0.555556,0.0,0.392857,0.45,1.0,6.0,16.55,2.0,0.9,1.0
12.0,2.0,0.0,5.0,24.0,46.0,1.0,4.0,10.0,0.818182,141.0,0.5,0.0,0.55,0.5,1.0,6.0,10.583333,2.0,0.8333,1.0
11.0,2.0,0.0,6.0,21.0,49.0,3.0,3.0,9.0,0.85,106.0,0.5,0.0,0.578947,0.522727,1.0,6.0,8.454545,2.0,0.8182,1.0
9.0,2.0,0.0,4.0,17.0,36.0,1.0,3.0,7.0,1.125,72.0,0.0,0.0,0.647059,0.555556,1.0,6.0,6.888889,2.0,0.7778,1.0
22.0,2.0,0.0,8.0,35.0,169.0,5.0,3.0,20.0,0.946779,316.0,0.352941,0.0,0.366667,0.443182,1.0,6.0,12.590909,2.0,0.9091,1.0
11.0,2.0,0.0,5.0,21.0,43.0,2.0,3.0,9.0,0.85,106.0,0.5,0.0,0.578947,0.522727,1.0,6.0,8.454545,2.0,0.8182,1.0
30.0,2.0,0.0,6.0,50.0,327.0,2.0,4.0,28.0,0.775862,505.0,0.833333,0.0,0.289474,0.216667,1.0,6.0,15.633333,8.0,2.0667,1.0
12.0,2.0,0.0,6.0,23.0,46.0,2.0,4.0,10.0,0.818182,122.0,0.5,0.0,0.55,0.4,1.0,6.0,9.0,2.0,0.8333,1.0
20.0,2.0,0.0,7.0,40.0,142.0,3.0,4.0,18.0,0.798246,342.0,0.833333,0.0,0.392857,0.3,1.0,6.0,15.8,10.0,1.5,1.0
12.0,2.0,0.0,5.0,22.0,54.0,2.0,3.0,10.0,0.818182,117.0,0.5,0.0,0.55,0.5,1.0,6.0,8.583333,2.0,0.8333,1.0
12.0,2.0,0.0,5.0,22.0,54.0,2.0,3.0,10.0,0.981818,120.0,0.2,0.0,0.55,0.5,1.0,6.0,8.583333,2.0,0.8333,1.0
24.0,2.0,0.0,6.0,41.0,82.0,1.0,5.0,22.0,0.766304,438.0,0.875,3.0,0.34375,0.35,1.0,6.0,16.916667,2.0,0.9167,1.0
10.0,1.0,0.0,13.0,10.0,45.0,13.0,0.0,10.0,2.0,10.0,0.0,0.0,0.0,0.4,0.0,0.0,0.0,1.0,1.0,-1.0
19.0,2.0,0.0,5.0,35.0,109.0,1.0,4.0,17.0,0.81746,265.0,0.857143,1.0,0.407407,0.368421,1.0,6.0,12.578947,2.0,0.8947,1.0
18.0,2.0,0.0,5.0,31.0,91.0,1.0,4.0,16.0,0.776471,303.0,0.8,0.0,0.423077,0.458333,1.0,6.0,15.555556,2.0,0.8889,1.0
11.0,2.0,0.0,5.0,21.0,49.0,2.0,3.0,9.0,0.933333,107.0,0.333333,0.0,0.578947,0.522727,1.0,6.0,8.454545,2.0,0.8182,1.0
30.0,3.0,0.0,10.0,50.0,155.0,6.0,5.0,28.0,0.975369,622.0,0.238095,4.0,0.307692,0.34,1.0,6.0,18.333333,2.0,0.9333,1.0
14.0,2.0,0.0,7.0,28.0,61.0,4.0,3.0,11.0,0.807692,245.0,0.5,0.0,0.5,0.5,1.0,5.0,16.357143,4.0,1.0714,1.0
13.0,2.0,0.0,5.0,23.0,66.0,2.0,3.0,11.0,0.805556,140.0,0.666667,0.0,0.52381,0.5,1.0,6.0,9.538462,2.0,0.8462,1.0
20.0,2.0,0.0,6.0,37.0,88.0,1.0,5.0,18.0,0.763158,348.0,0.833333,1.0,0.392857,0.36,1.0,6.0,16.1,2.0,0.9,1.0
20.0,2.0,0.0,6.0,37.0,0.0,1.0,5.0,18.0,0.684211,321.0,0.833333,4.0,0.392857,0.36,1.0,6.0,14.75,2.0,0.9,1.0
15.0,2.0,0.0,7.0,32.0,79.0,4.0,3.0,13.0,0.785714,251.0,0.666667,0.0,0.478261,0.483333,1.0,6.0,15.533333,3.0,1.2,1.0
12.0,2.0,0.0,5.0,22.0,54.0,2.0,3.0,10.0,0.818182,117.0,0.5,0.0,0.55,0.5,1.0,6.0,8.583333,2.0,0.8333,1.0
12.0,2.0,0.0,5.0,24.0,46.0,1.0,4.0,10.0,0.981818,144.0,0.2,0.0,0.55,0.5,1.0,6.0,10.583333,2.0,0.8333,1.0
12.0,2.0,0.0,5.0,23.0,54.0,2.0,3.0,10.0,0.909091,117.0,0.333333,0.0,0.55,0.4,1.0,6.0,8.5,2.0,0.8333,1.0
18.0,2.0,0.0,5.0,30.0,107.0,2.0,3.0,16.0,0.794118,259.0,0.833333,0.0,0.423077,0.458333,1.0,6.0,13.055556,2.0,0.8889,1.0
11.0,2.0,0.0,5.0,17.0,25.0,2.0,3.0,8.0,0.8,126.0,0.5,0.0,0.578947,0.568182,1.0,5.0,10.272727,3.0,1.2727,1.0
5.0,3.0,0.0,2.0,8.0,10.0,1.0,1.0,4.0,1.25,26.0,0.0,0.0,0.923077,0.5,1.0,2.0,4.0,1.0,0.4,1.0
5.0,3.0,0.0,2.0,8.0,10.0,1.0,1.0,4.0,1.25,26.0,0.0,0.0,0.923077,0.5,1.0,2.0,4.0,1.0,0.4,1.0
11.0,2.0,0.0,5.0,21.0,49.0,2.0,3.0,9.0,0.85,106.0,0.5,0.0,0.578947,0.522727,1.0,6.0,8.454545,2.0,0.8182,1.0
9.0,2.0,0.0,4.0,17.0,36.0,1.0,3.0,7.0,1.125,72.0,0.0,0.0,0.647059,0.555556,1.0,6.0,6.888889,2.0,0.7778,1.0
10.0,3.0,0.0,8.0,18.0,45.0,6.0,3.0,8.0,1.111111,86.0,0.0,0.0,0.631579,0.525,1.0,6.0,7.5,2.0,0.8,1.0
10.0,2.0,0.0,6.0,18.0,45.0,3.0,3.0,8.0,1.111111,79.0,0.0,0.0,0.611111,0.525,1.0,6.0,6.8,2.0,0.8,1.0
14.0,2.0,0.0,6.0,33.0,65.0,2.0,4.0,12.0,0.74359,229.0,0.666667,0.0,0.5,0.4,1.0,6.0,15.142857,2.0,1.0714,1.0
15.0,2.0,0.0,4.0,25.0,87.0,2.0,2.0,13.0,0.803571,143.0,0.75,0.0,0.478261,0.483333,1.0,6.0,8.266667,1.0,0.8,1.0
13.0,2.0,0.0,3.0,24.0,64.0,1.0,2.0,11.0,0.883333,143.0,0.6,0.0,0.52381,0.5,1.0,6.0,9.615385,1.0,0.7692,1.0
17.0,2.0,0.0,8.0,41.0,66.0,4.0,4.0,15.0,0.85,319.0,0.4,0.0,0.44,0.313725,1.0,6.0,17.470588,3.0,1.2353,1.0
11.0,2.0,0.0,5.0,21.0,49.0,2.0,3.0,9.0,0.933333,106.0,0.333333,0.0,0.578947,0.522727,1.0,6.0,8.363636,2.0,0.8182,1.0
20.0,2.0,0.0,5.0,32.0,114.0,1.0,4.0,18.0,0.789474,357.0,0.833333,0.0,0.392857,0.45,1.0,6.0,16.55,2.0,0.9,1.0
38.0,2.0,0.0,9.0,56.0,511.0,4.0,5.0,35.0,0.938063,604.0,0.625,4.0,0.244444,0.239382,1.0,6.0,14.263158,3.0,1.0,1.0
14.0,2.0,0.0,8.0,26.0,69.0,4.0,4.0,12.0,0.74359,187.0,0.666667,0.0,0.5,0.321429,1.0,6.0,12.142857,3.0,1.1429,1.0
17.0,2.0,0.0,7.0,32.0,72.0,3.0,4.0,15.0,0.791667,282.0,0.833333,0.0,0.44,0.268908,1.0,6.0,15.235294,4.0,1.2941,1.0
10.0,2.0,0.0,4.0,14.0,45.0,2.0,2.0,10.0,1.111111,63.0,0.333333,0.0,0.272727,0.32,0.0,0.0,5.0,1.0,0.8,1.0
34.0,2.0,0.0,10.0,60.0,187.0,4.0,7.0,34.0,0.747475,728.0,0.888889,2.0,0.184211,0.198529,2.0,3.0,20.147059,8.0,1.4118,1.0
29.0,2.0,0.0,7.0,53.0,100.0,2.0,6.0,28.0,0.75,556.0,0.888889,3.0,0.212121,0.221675,1.0,2.0,17.862069,5.0,1.0345,1.0
25.0,2.0,0.0,6.0,39.0,106.0,2.0,4.0,25.0,0.753788,487.0,0.909091,7.0,0.115385,0.18,0.0,0.0,18.04,8.0,1.32,1.0
10.0,2.0,0.0,3.0,12.0,3.0,2.0,2.0,9.0,0.916667,87.0,0.5,0.0,0.5,0.283333,1.0,2.0,7.3,2.0,0.9,1.0
9.0,2.0,0.0,4.0,13.0,36.0,2.0,2.0,9.0,1.125,60.0,0.333333,0.0,0.3,0.333333,0.0,0.0,5.333333,1.0,0.7778,1.0
1.0,2.0,1.0,2.0,2.0,0.0,1.0,1.0,1.0,2.0,4.0,0.0,0.0,1.0,1.0,0.0,0.0,3.0,0.0,0.0,-1.0
9.0,2.0,0.0,4.0,13.0,36.0,2.0,2.0,9.0,1.125,64.0,0.0,0.0,0.3,0.333333,0.0,0.0,5.888889,1.0,0.7778,1.0
9.0,2.0,0.0,4.0,13.0,36.0,2.0,2.0,9.0,1.125,62.0,0.0,0.0,0.3,0.333333,0.0,0.0,5.666667,1.0,0.7778,1.0
7.0,3.0,0.0,4.0,17.0,0.0,2.0,2.0,6.0,0.888889,120.0,0.333333,0.0,0.772727,0.52381,1.0,5.0,15.714286,1.0,0.7143,1.0
8.0,3.0,0.0,4.0,19.0,0.0,2.0,2.0,7.0,1.142857,161.0,0.5,0.0,0.772727,0.35,1.0,5.0,18.875,1.0,0.625,1.0
9.0,2.0,0.0,4.0,13.0,36.0,2.0,2.0,9.0,1.125,62.0,0.0,0.0,0.3,0.333333,0.0,0.0,5.666667,1.0,0.7778,1.0
10.0,2.0,0.0,4.0,14.0,45.0,2.0,2.0,10.0,1.111111,67.0,0.333333,0.0,0.272727,0.32,0.0,0.0,5.4,1.0,0.8,1.0
10.0,2.0,0.0,4.0,18.0,33.0,2.0,3.0,9.0,0.866667,89.0,0.6,0.0,0.5,0.283333,1.0,2.0,7.4,1.0,0.7,1.0
9.0,2.0,0.0,4.0,13.0,36.0,2.0,2.0,9.0,1.125,62.0,0.0,0.0,0.3,0.333333,0.0,0.0,5.666667,1.0,0.7778,1.0
10.0,2.0,0.0,4.0,14.0,45.0,2.0,2.0,10.0,1.111111,67.0,0.333333,0.0,0.272727,0.32,0.0,0.0,5.4,1.0,0.8,1.0
11.0,2.0,0.0,3.0,14.0,33.0,1.0,3.0,11.0,0.9,66.0,0.75,0.0,0.4375,0.327273,1.0,2.0,4.636364,1.0,0.8182,1.0
10.0,3.0,0.0,5.0,13.0,3.0,2.0,3.0,10.0,0.722222,73.0,0.5,0.0,0.466667,0.4,1.0,2.0,6.1,1.0,0.8,1.0
7.0,2.0,0.0,2.0,8.0,21.0,1.0,2.0,7.0,1.166667,32.0,0.5,0.0,0.583333,0.428571,1.0,2.0,3.285714,1.0,0.7143,1.0
11.0,2.0,0.0,4.0,16.0,55.0,2.0,3.0,11.0,1.1,96.0,0.333333,0.0,0.25,0.272727,0.0,0.0,7.454545,1.0,0.8182,1.0
8.0,2.0,0.0,5.0,20.0,4.0,2.0,4.0,7.0,0.8,148.0,0.6,0.0,0.583333,0.375,1.0,2.0,16.875,1.0,0.625,1.0
8.0,2.0,0.0,3.0,12.0,22.0,1.0,3.0,7.0,0.885714,102.0,0.8,0.0,0.583333,0.35,1.0,2.0,11.125,1.0,0.625,1.0
9.0,2.0,0.0,4.0,13.0,36.0,2.0,2.0,9.0,1.125,62.0,0.0,0.0,0.3,0.333333,0.0,0.0,5.666667,1.0,0.7778,1.0
10.0,2.0,0.0,4.0,18.0,39.0,2.0,3.0,9.0,0.851852,78.0,0.333333,0.0,0.5,0.283333,1.0,2.0,6.5,1.0,0.7,1.0
5.0,2.0,18.0,21.0,6.0,10.0,20.0,1.0,5.0,1.25,13.0,0.0,0.0,0.636364,0.6,0.0,0.0,1.0,1.0,0.8,-1.0
10.0,2.0,0.0,4.0,14.0,45.0,2.0,2.0,10.0,1.111111,52.0,0.5,0.0,0.272727,0.32,0.0,0.0,4.0,1.0,0.8,1.0
9.0,2.0,0.0,4.0,13.0,36.0,2.0,2.0,9.0,1.125,62.0,0.0,0.0,0.3,0.333333,0.0,0.0,5.666667,1.0,0.7778,1.0
22.0,2.0,0.0,9.0,51.0,89.0,3.0,7.0,22.0,0.721088,417.0,0.857143,2.0,0.269231,0.233766,1.0,2.0,17.636364,5.0,1.0455,1.0
9.0,2.0,0.0,5.0,22.0,2.0,2.0,4.0,8.0,0.666667,202.0,0.166667,1.0,0.538462,0.333333,1.0,2.0,20.777778,2.0,0.8889,1.0
9.0,2.0,0.0,4.0,13.0,36.0,2.0,2.0,9.0,1.125,59.0,0.0,0.0,0.3,0.333333,0.0,0.0,5.333333,1.0,0.7778,1.0
9.0,2.0,0.0,4.0,13.0,36.0,2.0,2.0,9.0,1.125,58.0,0.0,0.0,0.3,0.333333,0.0,0.0,5.333333,1.0,0.7778,1.0
37.0,2.0,0.0,12.0,80.0,470.0,6.0,6.0,32.0,0.863426,866.0,0.833333,0.0,0.244444,0.219595,1.0,6.0,22.081081,7.0,1.8919,1.0
10.0,3.0,0.0,5.0,24.0,0.0,2.0,4.0,8.0,0.666667,171.0,0.5,0.0,0.631579,0.525,1.0,6.0,15.9,2.0,0.9,1.0
11.0,2.0,0.0,5.0,21.0,49.0,2.0,3.0,9.0,1.0,109.0,0.2,0.0,0.578947,0.522727,1.0,6.0,8.454545,2.0,0.8182,1.0
5.0,3.0,0.0,2.0,9.0,10.0,1.0,1.0,5.0,1.25,28.0,0.0,0.0,0.96,0.55,1.0,3.0,4.4,1.0,0.2,1.0
18.0,2.0,0.0,6.0,40.0,103.0,2.0,4.0,16.0,0.848739,327.0,0.0,1.0,0.423077,0.472222,1.0,6.0,16.777778,2.0,1.1667,1.0
11.0,2.0,0.0,5.0,21.0,49.0,2.0,3.0,9.0,0.933333,107.0,0.333333,0.0,0.578947,0.522727,1.0,6.0,8.454545,2.0,0.8182,1.0
23.0,2.0,0.0,7.0,37.0,219.0,2.0,5.0,21.0,0.850649,345.0,0.857143,0.0,0.354839,0.347826,1.0,5.0,13.695652,6.0,1.5652,1.0
25.0,2.0,0.0,8.0,40.0,258.0,4.0,4.0,23.0,0.758333,390.0,0.8,0.0,0.333333,0.3,1.0,6.0,14.4,7.0,1.76,1.0
12.0,2.0,0.0,6.0,23.0,46.0,2.0,4.0,10.0,0.818182,122.0,0.5,0.0,0.55,0.4,1.0,6.0,9.0,2.0,0.8333,1.0
36.0,2.0,0.0,6.0,57.0,196.0,1.0,5.0,34.0,0.909317,744.0,0.565217,6.0,0.25,0.277778,1.0,6.0,19.027778,2.0,0.9444,1.0
26.0,2.0,0.0,6.0,46.0,117.0,1.0,5.0,24.0,0.936364,505.0,0.363636,3.0,0.323529,0.346154,1.0,6.0,17.576923,2.0,0.9231,1.0
10.0,1.0,0.0,4.0,31.0,3.0,1.0,3.0,9.0,0.222222,183.0,0.0,0.0,0.0,0.333333,0.0,0.0,17.2,2.0,1.3,1.0
2.0,1.0,0.0,5.0,2.0,1.0,5.0,0.0,2.0,2.0,2.0,0.0,0.0,0.0,0.75,0.0,0.0,0.0,1.0,1.0,-1.0
15.0,2.0,0.0,6.0,39.0,49.0,3.0,4.0,13.0,0.75,369.0,0.5,0.0,0.478261,0.516667,1.0,6.0,23.466667,2.0,1.2667,1.0
13.0,2.0,0.0,5.0,22.0,66.0,2.0,3.0,11.0,0.805556,140.0,0.666667,0.0,0.52381,0.4,1.0,6.0,9.538462,2.0,0.8462,1.0
14.0,2.0,0.0,6.0,25.0,77.0,3.0,3.0,11.0,0.861538,212.0,0.8,0.0,0.5,0.517857,1.0,5.0,13.785714,2.0,1.0,1.0
62.0,2.0,0.0,14.0,108.0,1491.0,5.0,10.0,56.0,0.957966,1287.0,0.487179,0.0,0.15942,0.203629,1.0,6.0,19.129032,6.0,1.4194,1.0
12.0,2.0,0.0,4.0,24.0,46.0,0.0,4.0,10.0,0.818182,141.0,0.5,0.0,0.55,0.5,1.0,6.0,10.583333,2.0,0.8333,1.0
25.0,2.0,0.0,11.0,41.0,258.0,7.0,4.0,23.0,0.758333,389.0,0.8,0.0,0.333333,0.257143,1.0,6.0,14.36,7.0,1.76,1.0
16.0,2.0,0.0,5.0,28.0,72.0,1.0,4.0,14.0,0.933333,254.0,0.333333,0.0,0.458333,0.46875,1.0,6.0,14.3125,2.0,0.875,1.0
14.0,2.0,0.0,12.0,39.0,1.0,8.0,4.0,12.0,0.692308,243.0,0.5,0.0,0.5,0.4,1.0,6.0,16.214286,2.0,1.2143,1.0
17.0,2.0,2.0,7.0,44.0,106.0,4.0,4.0,15.0,0.760417,483.0,0.5,0.0,0.458333,0.485294,1.0,6.0,27.058824,5.0,1.5294,1.0
13.0,2.0,0.0,8.0,32.0,52.0,4.0,4.0,11.0,0.933333,1216.0,0.4,0.0,0.55,0.415385,1.0,6.0,92.153846,4.0,1.3846,1.0
20.0,2.0,0.0,6.0,32.0,114.0,2.0,4.0,18.0,0.894737,361.0,0.5,0.0,0.392857,0.45,1.0,6.0,16.55,2.0,0.9,1.0
12.0,2.0,0.0,5.0,22.0,54.0,2.0,3.0,10.0,0.818182,117.0,0.5,0.0,0.55,0.5,1.0,6.0,8.583333,2.0,0.8333,1.0
3.0,1.0,0.0,1.0,9.0,0.0,1.0,0.0,3.0,0.0,86.0,0.0,0.0,0.0,0.5,0.0,0.0,26.666667,1.0,0.6667,-1.0
10.0,2.0,0.0,4.0,18.0,45.0,1.0,3.0,8.0,1.111111,87.0,0.0,0.0,0.611111,0.525,1.0,6.0,7.6,2.0,0.8,1.0
14.0,2.0,0.0,5.0,27.0,57.0,1.0,4.0,12.0,0.769231,195.0,0.666667,0.0,0.5,0.482143,1.0,6.0,12.714286,2.0,0.8571,1.0
11.0,2.0,0.0,5.0,21.0,43.0,2.0,3.0,9.0,0.85,117.0,0.0,0.0,0.578947,0.418182,1.0,6.0,9.454545,2.0,1.0,1.0
12.0,2.0,0.0,6.0,22.0,46.0,3.0,3.0,10.0,0.818182,128.0,0.5,0.0,0.55,0.4,1.0,6.0,9.5,2.0,1.0,1.0
49.0,2.0,0.0,8.0,66.0,664.0,4.0,4.0,46.0,0.902083,728.0,0.95,8.0,0.196429,0.270833,1.0,6.0,13.44898,2.0,0.9388,1.0
11.0,2.0,0.0,5.0,21.0,43.0,2.0,3.0,9.0,0.85,116.0,0.5,0.0,0.578947,0.418182,1.0,6.0,9.363636,2.0,1.0,1.0
13.0,2.0,0.0,4.0,27.0,46.0,1.0,3.0,11.0,0.777778,201.0,0.333333,0.0,0.52381,0.333333,1.0,6.0,14.230769,2.0,1.0769,1.0
15.0,1.0,132.0,155.0,23.0,105.0,155.0,0.0,12.0,2.0,84.0,0.0,0.0,0.0,0.483333,0.0,0.0,4.6,1.0,0.8,1.0
1.0,4.0,0.0,140.0,2.0,0.0,140.0,0.0,1.0,2.0,5.0,0.0,0.0,1.0,1.0,0.0,0.0,4.0,0.0,0.0,-1.0
9.0,1.0,0.0,4.0,17.0,0.0,1.0,3.0,7.0,0.5,234.0,1.0,1.0,0.0,0.511111,0.0,0.0,24.555556,2.0,1.1111,1.0
11.0,2.0,0.0,5.0,21.0,43.0,2.0,3.0,9.0,0.85,116.0,0.5,0.0,0.578947,0.418182,1.0,6.0,9.363636,2.0,1.0,1.0
12.0,2.0,0.0,6.0,23.0,46.0,2.0,4.0,10.0,0.818182,122.0,0.5,0.0,0.55,0.4,1.0,6.0,9.0,2.0,0.8333,1.0
1.0,1.0,0.0,1.0,2.0,0.0,1.0,0.0,0.0,2.0,6.0,0.0,0.0,0.0,1.0,0.0,0.0,3.0,0.0,0.0,-1.0
24.0,2.0,0.0,9.0,50.0,244.0,3.0,6.0,22.0,0.908213,402.0,0.444444,0.0,0.34375,0.284722,1.0,5.0,15.375,6.0,1.4583,1.0
37.0,2.0,0.0,10.0,54.0,348.0,6.0,4.0,35.0,0.843254,661.0,0.928571,5.0,0.244444,0.279279,1.0,6.0,16.486486,4.0,1.1351,1.0
12.0,2.0,0.0,5.0,22.0,46.0,2.0,3.0,10.0,0.818182,127.0,0.5,0.0,0.55,0.4,1.0,6.0,9.416667,2.0,1.0,1.0
14.0,2.0,0.0,7.0,26.0,57.0,3.0,4.0,12.0,0.769231,195.0,0.666667,0.0,0.5,0.482143,1.0,6.0,12.714286,2.0,0.8571,1.0
20.0,2.0,0.0,5.0,31.0,138.0,2.0,3.0,18.0,0.827068,306.0,0.857143,0.0,0.392857,0.36,1.0,6.0,13.95,2.0,0.9,1.0
12.0,2.0,0.0,4.0,24.0,46.0,0.0,4.0,10.0,0.818182,141.0,0.5,0.0,0.55,0.5,1.0,6.0,10.583333,2.0,0.8333,1.0
12.0,2.0,0.0,5.0,24.0,46.0,1.0,4.0,10.0,0.818182,141.0,0.5,0.0,0.55,0.5,1.0,6.0,10.583333,2.0,0.8333,1.0
24.0,2.0,0.0,5.0,41.0,0.0,0.0,5.0,22.0,0.717391,411.0,0.875,6.0,0.34375,0.35,1.0,6.0,15.791667,2.0,0.9167,1.0
12.0,2.0,0.0,4.0,24.0,36.0,1.0,3.0,10.0,0.772727,143.0,0.5,0.0,0.55,0.4,1.0,6.0,10.75,2.0,0.8333,1.0
22.0,2.0,0.0,5.0,34.0,141.0,1.0,4.0,20.0,0.957393,423.0,0.315789,0.0,0.366667,0.443182,1.0,6.0,17.363636,2.0,0.9091,1.0
18.0,2.0,0.0,6.0,33.0,81.0,1.0,5.0,16.0,0.764706,308.0,0.8,0.0,0.423077,0.305556,1.0,6.0,15.833333,2.0,0.8889,1.0
12.0,2.0,0.0,5.0,24.0,46.0,1.0,4.0,10.0,0.818182,141.0,0.5,0.0,0.55,0.5,1.0,6.0,10.583333,2.0,0.8333,1.0
11.0,2.0,0.0,6.0,23.0,25.0,3.0,3.0,9.0,0.8,183.0,0.5,0.0,0.55,0.431818,1.0,6.0,15.272727,3.0,1.1818,1.0
24.0,2.0,0.0,6.0,42.0,0.0,1.0,5.0,22.0,0.818182,423.0,0.636364,5.0,0.34375,0.291667,1.0,6.0,16.166667,2.0,0.9167,1.0
23.0,1.0,0.0,5.0,46.0,123.0,1.0,4.0,4.0,0.659091,668.0,1.0,1.0,0.0,0.267081,0.0,0.0,27.608696,8.0,2.3043,1.0
25.0,2.0,0.0,13.0,74.0,94.0,3.0,10.0,20.0,0.897436,490.0,0.384615,2.0,0.333333,0.262857,2.0,7.0,18.08,6.0,1.52,1.0
2.0,1.0,0.0,3.0,5.0,0.0,2.0,1.0,2.0,0.0,42.0,0.0,0.0,0.0,0.833333,0.0,0.0,19.0,1.0,0.5,1.0
8.0,1.0,0.0,3.0,20.0,0.0,2.0,2.0,3.0,0.369048,441.0,1.0,1.0,0.0,0.416667,0.0,0.0,52.625,6.0,2.375,1.0
12.0,1.0,0.0,7.0,35.0,16.0,2.0,6.0,8.0,0.727273,359.0,0.555556,2.0,0.0,0.319444,0.0,0.0,28.166667,9.0,2.0,1.0
17.0,2.0,0.0,9.0,32.0,74.0,5.0,4.0,13.0,0.75,224.0,0.75,0.0,0.44,0.294118,1.0,6.0,11.941176,2.0,1.1176,1.0
24.0,2.0,0.0,7.0,39.0,204.0,2.0,5.0,21.0,0.882609,418.0,0.7,1.0,0.34375,0.298611,1.0,6.0,16.0,4.0,1.2917,1.0
4.0,2.0,3.0,6.0,11.0,6.0,4.0,5.0,4.0,2.0,61.0,0.0,0.0,0.916667,0.6875,0.0,0.0,14.25,5.0,1.25,1.0
13.0,2.0,0.0,5.0,24.0,56.0,2.0,3.0,11.0,0.777778,141.0,0.666667,0.0,0.52381,0.5,1.0,6.0,9.615385,2.0,0.8462,1.0
38.0,2.0,1.0,6.0,60.0,255.0,1.0,5.0,36.0,0.924925,801.0,0.518519,6.0,0.23913,0.331579,1.0,6.0,19.368421,2.0,0.9474,1.0
13.0,3.0,0.0,10.0,65.0,0.0,3.0,7.0,9.0,0.375,644.0,0.0,1.0,0.821429,0.369231,3.0,5.0,48.384615,4.0,1.5385,1.0
62.0,2.0,0.0,6.0,85.0,611.0,1.0,5.0,60.0,0.953972,1390.0,0.5,14.0,0.157143,0.266129,1.0,6.0,20.580645,2.0,0.9677,1.0
38.0,2.0,0.0,6.0,61.0,367.0,1.0,5.0,36.0,0.854054,807.0,0.933333,4.0,0.23913,0.276316,1.0,6.0,19.842105,2.0,0.9474,1.0
12.0,2.0,0.0,6.0,23.0,46.0,2.0,4.0,10.0,0.818182,122.0,0.5,0.0,0.55,0.4,1.0,6.0,9.0,2.0,0.8333,1.0
25.0,2.0,0.0,9.0,51.0,228.0,6.0,3.0,20.0,0.770833,419.0,0.833333,0.0,0.333333,0.251429,2.0,6.0,15.52,6.0,1.64,1.0
12.0,2.0,0.0,5.0,24.0,46.0,1.0,4.0,10.0,0.818182,141.0,0.5,0.0,0.55,0.5,1.0,6.0,10.583333,2.0,0.8333,1.0
11.0,2.0,0.0,10.0,22.0,0.0,7.0,3.0,8.0,0.35,180.0,1.0,0.0,0.578947,0.545455,1.0,6.0,15.181818,3.0,1.0,1.0
11.0,2.0,0.0,5.0,21.0,49.0,2.0,3.0,9.0,0.975,108.0,0.25,0.0,0.578947,0.522727,1.0,6.0,8.454545,2.0,0.8182,1.0
12.0,2.0,0.0,6.0,22.0,46.0,3.0,3.0,10.0,0.818182,128.0,0.5,0.0,0.55,0.4,1.0,6.0,9.5,2.0,1.0,1.0
5.0,3.0,0.0,2.0,9.0,10.0,1.0,1.0,5.0,1.25,28.0,0.0,0.0,0.96,0.55,1.0,3.0,4.4,1.0,0.2,1.0
38.0,2.0,0.0,6.0,52.0,479.0,2.0,4.0,35.0,0.898649,536.0,0.9375,6.0,0.244444,0.335135,1.0,6.0,12.684211,2.0,0.9211,1.0
11.0,2.0,0.0,5.0,21.0,43.0,2.0,3.0,9.0,0.85,117.0,0.5,0.0,0.578947,0.418182,1.0,6.0,9.454545,2.0,1.0,1.0
48.0,2.0,0.0,7.0,64.0,162.0,3.0,4.0,46.0,0.861702,891.0,0.95,12.0,0.196429,0.325,1.0,6.0,17.145833,3.0,1.0,1.0
11.0,2.0,0.0,7.0,29.0,43.0,2.0,5.0,9.0,0.85,154.0,0.5,0.0,0.578947,0.418182,1.0,6.0,12.818182,2.0,0.9091,1.0
31.0,2.0,0.0,7.0,44.0,171.0,3.0,4.0,28.0,0.863889,406.0,0.916667,9.0,0.289474,0.283333,1.0,6.0,11.709677,2.0,0.9032,1.0
85.0,3.0,0.0,0.0,181.0,0.0,0.0,0.0,85.0,0.5,2890.0,0.5,0.0,0.514451,0.075456,2.0,20.0,32.976471,1.0,0.9882,1.0
47.0,2.0,0.0,15.0,101.0,665.0,1.0,14.0,41.0,0.836957,997.0,1.0,3.0,0.531915,0.185619,2.0,18.0,20.042553,7.0,1.5319,-1.0
80.0,3.0,0.0,3.0,153.0,3060.0,0.0,3.0,72.0,0.83906,838.0,1.0,2.0,0.529762,0.07963,2.0,20.0,9.3875,3.0,1.1375,-1.0
30.0,1.0,0.0,20.0,104.0,87.0,5.0,16.0,22.0,0.748276,1151.0,0.6,4.0,0.0,0.146154,0.0,0.0,36.7,20.0,2.9,1.0
16.0,2.0,0.0,7.0,30.0,54.0,4.0,3.0,14.0,0.7,388.0,0.0,0.0,0.416667,0.3625,1.0,1.0,23.0,4.0,1.5625,-1.0
8.0,1.0,0.0,4.0,28.0,0.0,2.0,2.0,7.0,0.571429,426.0,1.0,1.0,0.0,0.25,0.0,0.0,51.75,7.0,3.0,1.0
11.0,1.0,0.0,2.0,24.0,53.0,1.0,2.0,6.0,1.033333,241.0,1.0,0.0,0.0,0.157143,0.0,0.0,20.636364,4.0,1.6364,-1.0
0.0,1.0,0.0,0.0,0.0,0.0,0.0,0.0,0.0,2.0,7.0,0.0,0.0,0.0,0.0,0.0,0.0,0.0,0.0,0.0,-1.0
21.0,1.0,0.0,6.0,44.0,0.0,5.0,1.0,20.0,0.976667,153.0,0.133333,1.0,0.0,0.253968,0.0,0.0,5.571429,1.0,0.9524,1.0
16.0,1.0,0.0,2.0,30.0,88.0,1.0,1.0,14.0,0.683333,250.0,0.0,1.0,0.0,0.21875,0.0,0.0,14.375,4.0,1.125,-1.0
7.0,1.0,0.0,4.0,22.0,0.0,1.0,3.0,5.0,0.166667,88.0,1.0,2.0,0.0,0.428571,0.0,0.0,11.285714,2.0,1.0,1.0
6.0,1.0,0.0,6.0,11.0,0.0,2.0,4.0,5.0,0.0,170.0,1.0,1.0,0.0,0.541667,0.0,0.0,27.166667,5.0,2.3333,1.0
12.0,1.0,0.0,10.0,24.0,6.0,2.0,9.0,11.0,0.787879,156.0,0.0,1.0,0.0,0.375,0.0,0.0,11.5,2.0,1.0,1.0
8.0,2.0,0.0,7.0,9.0,14.0,5.0,2.0,6.0,0.785714,73.0,0.0,0.0,0.695652,0.325,0.0,0.0,7.625,2.0,1.0,-1.0
39.0,1.0,0.0,3.0,78.0,0.0,2.0,1.0,38.0,0.923684,234.0,0.0,1.0,0.0,0.302564,0.0,0.0,4.74359,2.0,1.0256,-1.0
14.0,1.0,0.0,5.0,41.0,21.0,4.0,1.0,14.0,0.564103,243.0,0.0,0.0,0.0,0.297619,0.0,0.0,16.142857,8.0,1.5714,1.0
24.0,1.0,0.0,9.0,52.0,86.0,4.0,5.0,16.0,0.673913,451.0,0.833333,3.0,0.0,0.183333,0.0,0.0,17.541667,5.0,1.7083,1.0
17.0,1.0,3.0,14.0,19.0,84.0,11.0,3.0,16.0,0.994048,152.0,0.0,2.0,0.0,0.317647,0.0,0.0,6.705882,4.0,1.1176,-1.0
1.0,1.0,0.0,3.0,1.0,0.0,3.0,0.0,1.0,2.0,1.0,0.0,0.0,0.0,1.0,0.0,0.0,0.0,1.0,1.0,-1.0
12.0,2.0,0.0,10.0,23.0,6.0,3.0,7.0,12.0,0.672727,154.0,0.0,0.0,0.592593,0.316667,1.0,1.0,11.416667,2.0,1.0,1.0
93.0,1.0,0.0,33.0,244.0,0.0,6.0,28.0,79.0,0.925951,1441.0,0.4375,3.0,0.0,0.144928,0.0,0.0,14.322581,18.0,1.6559,1.0
11.0,3.0,0.0,9.0,14.0,41.0,5.0,4.0,11.0,0.916667,66.0,0.0,1.0,0.642857,0.327273,0.0,0.0,4.454545,1.0,0.9091,-1.0
3.0,1.0,0.0,2.0,24.0,1.0,1.0,1.0,1.0,0.75,121.0,1.0,0.0,0.0,0.5,0.0,0.0,38.666667,8.0,2.6667,-1.0
5.0,1.0,0.0,3.0,21.0,0.0,2.0,1.0,4.0,0.5,149.0,1.0,1.0,0.0,0.7,0.0,0.0,28.4,2.0,1.2,-1.0
12.0,1.0,0.0,6.0,30.0,34.0,6.0,0.0,9.0,0.690909,306.0,1.0,0.0,0.0,0.375,0.0,0.0,24.083333,6.0,1.5833,1.0
6.0,1.0,48.0,50.0,56.0,15.0,50.0,46.0,6.0,1.2,923.0,1.0,0.0,0.0,0.666667,0.0,0.0,152.5,1.0,0.8333,1.0
30.0,1.0,0.0,3.0,53.0,331.0,3.0,0.0,24.0,0.873563,767.0,0.0,0.0,0.0,0.391667,0.0,0.0,24.366667,6.0,2.6333,1.0
16.0,1.0,0.0,3.0,17.0,78.0,2.0,1.0,16.0,0.533333,172.0,1.0,0.0,0.0,0.291667,0.0,0.0,9.5,9.0,1.625,-1.0
2.0,1.0,0.0,2.0,4.0,1.0,2.0,0.0,1.0,2.0,39.0,0.0,0.0,0.0,0.5,0.0,0.0,18.5,3.0,1.5,-1.0
4.0,1.0,0.0,2.0,24.0,4.0,1.0,1.0,2.0,0.333333,146.0,1.0,0.0,0.0,0.466667,0.0,0.0,35.25,3.0,1.25,-1.0
7.0,1.0,0.0,17.0,51.0,3.0,0.0,17.0,6.0,0.083333,282.0,1.0,1.0,0.0,0.303571,0.0,0.0,39.0,6.0,1.8571,-1.0
4.0,1.0,0.0,5.0,5.0,0.0,3.0,2.0,3.0,0.666667,28.0,1.0,2.0,0.0,0.4375,0.0,0.0,5.25,1.0,0.75,-1.0
1.0,1.0,0.0,4.0,1.0,0.0,3.0,1.0,1.0,2.0,1.0,0.0,0.0,0.0,1.0,0.0,0.0,0.0,1.0,1.0,-1.0
6.0,1.0,0.0,4.0,22.0,0.0,1.0,3.0,0.0,0.333333,163.0,1.0,0.0,0.0,0.5,0.0,0.0,25.666667,5.0,2.3333,-1.0
2.0,1.0,0.0,5.0,2.0,1.0,5.0,0.0,2.0,2.0,2.0,0.0,0.0,0.0,0.75,0.0,0.0,0.0,1.0,1.0,-1.0
4.0,1.0,0.0,2.0,18.0,0.0,1.0,1.0,4.0,0.222222,129.0,1.0,1.0,0.0,0.4375,1.0,1.0,30.5,6.0,2.5,-1.0
1.0,1.0,0.0,7.0,1.0,0.0,6.0,1.0,1.0,2.0,1.0,0.0,0.0,0.0,1.0,0.0,0.0,0.0,1.0,1.0,-1.0
13.0,2.0,0.0,13.0,23.0,0.0,10.0,3.0,11.0,0.642857,271.0,1.0,1.0,0.45,0.25641,1.0,2.0,19.307692,2.0,0.9231,-1.0
9.0,2.0,0.0,9.0,17.0,30.0,3.0,7.0,6.0,0.75,55.0,1.0,1.0,0.529412,0.407407,1.0,1.0,5.0,1.0,0.8889,-1.0
8.0,2.0,0.0,3.0,15.0,4.0,3.0,0.0,5.0,0.428571,90.0,1.0,0.0,0.416667,0.425,1.0,1.0,9.875,1.0,0.875,-1.0
6.0,1.0,0.0,6.0,6.0,15.0,6.0,1.0,6.0,2.0,6.0,0.0,0.0,0.0,0.583333,0.0,0.0,0.0,1.0,1.0,-1.0
16.0,1.0,0.0,20.0,55.0,0.0,9.0,14.0,14.0,0.5,453.0,1.0,3.0,0.0,0.198864,0.0,0.0,27.0625,6.0,1.0625,-1.0
9.0,1.0,0.0,10.0,20.0,0.0,10.0,0.0,9.0,0.25,294.0,1.0,0.0,0.0,0.311111,1.0,1.0,31.444444,7.0,1.8889,-1.0
17.0,1.0,0.0,37.0,95.0,106.0,10.0,28.0,13.0,0.354167,461.0,1.0,2.0,0.0,0.144796,0.0,0.0,25.941176,2.0,1.1176,-1.0
5.0,1.0,0.0,5.0,6.0,2.0,3.0,2.0,4.0,0.75,36.0,1.0,2.0,0.0,0.36,0.0,0.0,5.4,1.0,0.8,-1.0
1.0,1.0,0.0,7.0,1.0,0.0,6.0,1.0,1.0,2.0,1.0,0.0,0.0,0.0,1.0,0.0,0.0,0.0,1.0,1.0,-1.0
8.0,2.0,1.0,11.0,37.0,0.0,7.0,5.0,6.0,0.357143,278.0,1.0,0.0,0.823529,0.375,1.0,1.0,33.5,6.0,1.625,1.0
7.0,2.0,0.0,6.0,14.0,9.0,5.0,2.0,5.0,0.5,48.0,1.0,1.0,0.848485,0.342857,0.0,0.0,5.714286,1.0,0.7143,-1.0
32.0,1.0,3.0,19.0,65.0,290.0,13.0,6.0,18.0,0.962649,732.0,1.0,16.0,0.0,0.175781,0.0,0.0,20.6875,3.0,1.1563,-1.0
0.0,1.0,0.0,0.0,0.0,0.0,0.0,0.0,0.0,2.0,4.0,0.0,0.0,0.0,0.0,0.0,0.0,0.0,0.0,0.0,-1.0
2.0,1.0,0.0,5.0,10.0,1.0,1.0,4.0,0.0,2.0,82.0,0.0,0.0,0.0,0.5,0.0,0.0,40.0,1.0,0.5,-1.0
11.0,1.0,0.0,11.0,34.0,0.0,2.0,9.0,10.0,0.566667,210.0,1.0,1.0,0.0,0.272727,0.0,0.0,17.818182,3.0,1.0909,-1.0
12.0,2.0,0.0,6.0,18.0,54.0,4.0,2.0,8.0,0.924242,222.0,1.0,1.0,0.230769,0.3125,1.0,2.0,17.0,5.0,1.3333,-1.0
4.0,1.0,4.0,5.0,6.0,6.0,4.0,1.0,1.0,2.0,15.0,0.0,0.0,0.0,0.666667,0.0,0.0,2.75,1.0,0.75,-1.0
7.0,1.0,0.0,12.0,29.0,1.0,7.0,6.0,1.0,0.0,257.0,1.0,1.0,0.0,0.514286,0.0,0.0,35.571429,2.0,0.7143,-1.0
8.0,1.0,0.0,7.0,17.0,0.0,2.0,5.0,7.0,0.571429,134.0,1.0,2.0,0.0,0.458333,0.0,0.0,15.375,3.0,1.375,-1.0
4.0,1.0,0.0,6.0,4.0,6.0,5.0,2.0,4.0,2.0,4.0,0.0,0.0,0.0,0.666667,0.0,0.0,0.0,1.0,1.0,-1.0
6.0,1.0,2.0,5.0,13.0,0.0,2.0,3.0,4.0,0.5,107.0,1.0,2.0,0.0,0.458333,0.0,0.0,16.5,3.0,1.1667,-1.0
1.0,1.0,0.0,9.0,1.0,0.0,9.0,0.0,1.0,2.0,1.0,0.0,0.0,0.0,1.0,0.0,0.0,0.0,1.0,1.0,-1.0
10.0,2.0,0.0,5.0,19.0,5.0,2.0,3.0,8.0,0.740741,223.0,1.0,0.0,0.3,0.228571,1.0,2.0,21.0,3.0,1.2,-1.0
0.0,1.0,0.0,2.0,0.0,0.0,2.0,0.0,0.0,2.0,10.0,0.0,0.0,0.0,0.0,0.0,0.0,0.0,0.0,0.0,-1.0
7.0,1.0,0.0,7.0,20.0,9.0,2.0,5.0,7.0,0.833333,173.0,1.0,5.0,0.0,0.571429,0.0,0.0,22.857143,2.0,1.0,1.0
8.0,2.0,0.0,8.0,19.0,0.0,2.0,6.0,6.0,0.821429,324.0,1.0,6.0,0.3,0.583333,1.0,2.0,38.5,4.0,1.375,-1.0
1.0,1.0,0.0,13.0,1.0,0.0,13.0,0.0,1.0,2.0,1.0,0.0,0.0,0.0,1.0,0.0,0.0,0.0,1.0,1.0,-1.0
4.0,2.0,0.0,5.0,11.0,4.0,1.0,4.0,2.0,0.833333,108.0,1.0,1.0,0.5,0.4,1.0,1.0,25.5,3.0,1.25,-1.0
5.0,2.0,0.0,8.0,16.0,10.0,4.0,4.0,5.0,2.0,50.0,0.0,0.0,0.555556,0.5,0.0,0.0,9.0,1.0,0.8,-1.0
6.0,1.0,0.0,7.0,22.0,3.0,1.0,6.0,6.0,0.75,111.0,1.0,2.0,0.0,0.333333,0.0,0.0,16.833333,1.0,0.8333,-1.0
12.0,1.0,0.0,8.0,25.0,24.0,6.0,2.0,8.0,0.863636,319.0,1.0,0.0,0.0,0.214286,0.0,0.0,25.25,3.0,1.25,-1.0
5.0,2.0,0.0,5.0,12.0,10.0,1.0,4.0,5.0,2.0,32.0,0.0,0.0,0.555556,0.5,0.0,0.0,5.4,1.0,0.8,-1.0
57.0,2.0,0.0,18.0,87.0,1362.0,17.0,7.0,17.0,0.927083,1806.0,1.0,1.0,0.25,0.265306,1.0,7.0,30.473684,19.0,2.5263,-1.0
18.0,1.0,0.0,34.0,19.0,107.0,34.0,0.0,18.0,0.382353,170.0,1.0,0.0,0.0,0.433333,0.0,0.0,8.333333,2.0,1.2222,-1.0
10.0,2.0,0.0,0.0,19.0,0.0,0.0,0.0,10.0,0.0,86.0,1.0,0.0,0.5,0.32,1.0,2.0,7.5,1.0,0.9,-1.0
11.0,1.0,0.0,4.0,15.0,21.0,1.0,3.0,11.0,0.533333,90.0,1.0,0.0,0.0,0.454545,0.0,0.0,6.909091,1.0,0.6364,-1.0
5.0,2.0,0.0,3.0,20.0,0.0,0.0,3.0,4.0,0.5,138.0,1.0,0.0,0.888889,0.5,1.0,1.0,26.2,12.0,4.8,-1.0
2.0,1.0,0.0,3.0,8.0,1.0,0.0,3.0,2.0,2.0,27.0,0.0,0.0,0.0,0.5,0.0,0.0,12.5,1.0,0.5,-1.0
4.0,1.0,0.0,5.0,4.0,6.0,4.0,1.0,4.0,2.0,4.0,0.0,0.0,0.0,0.583333,0.0,0.0,0.0,1.0,1.0,-1.0
6.0,1.0,0.0,1.0,27.0,15.0,1.0,0.0,5.0,2.0,264.0,0.0,0.0,0.0,0.291667,0.0,0.0,43.0,1.0,0.8333,-1.0
11.0,1.0,0.0,7.0,17.0,9.0,4.0,3.0,11.0,0.25,85.0,1.0,0.0,0.0,0.522727,0.0,0.0,6.545455,1.0,0.6364,-1.0
25.0,1.0,0.0,4.0,29.0,0.0,4.0,0.0,24.0,0.388889,629.0,1.0,0.0,0.0,0.36,1.0,1.0,24.04,9.0,2.6,-1.0
0.0,1.0,0.0,1.0,0.0,0.0,1.0,0.0,0.0,2.0,5.0,0.0,0.0,0.0,0.0,0.0,0.0,0.0,0.0,0.0,-1.0
23.0,2.0,0.0,2.0,24.0,253.0,1.0,1.0,23.0,2.0,49.0,0.0,0.0,0.521739,0.669565,1.0,2.0,1.130435,1.0,0.9565,-1.0
26.0,1.0,3.0,11.0,42.0,325.0,10.0,1.0,22.0,1.04,693.0,0.0,0.0,0.0,0.544872,0.0,0.0,25.461538,10.0,1.9615,-1.0
25.0,1.0,0.0,0.0,29.0,0.0,0.0,0.0,24.0,0.388889,629.0,1.0,0.0,0.0,0.313333,1.0,1.0,24.04,9.0,2.6,-1.0
12.0,1.0,0.0,15.0,37.0,66.0,15.0,0.0,10.0,1.090909,494.0,1.0,0.0,0.0,0.27381,0.0,0.0,40.083333,10.0,2.5833,1.0
4.0,2.0,0.0,1.0,12.0,4.0,0.0,1.0,4.0,0.666667,44.0,1.0,0.0,0.888889,0.5,1.0,1.0,9.75,2.0,1.25,-1.0
